<?xml version="1.0" encoding="UTF-8"?>

<!DOCTYPE struts PUBLIC
        "-//Apache Software Foundation//DTD Struts Configuration 2.3//EN"
        "http://struts.apache.org/dtds/struts-2.3.dtd">

<struts>
        <constant name="struts.objectFactory" value="spring"/>

        <package name="struts" extends="struts-default">
                <action name="index" class="IndexAction">
                        <result name="success">
                                /WEB-INF/views/index.jsp
                        </result>
                </action>
                <action name="fromto" class="Train" method="getFromTo"/>
                <action name="randomimage" class="image"/>
                <action name="inputrandom">
                        <result name="success">
                                /WEB-INF/views/random.jsp
                        </result>
                </action>
                <action name="testRandom" class="TestRandom"/>
                <action name="way" class="ShowJoinWay">
                        <result name="success">
                                /WEB-INF/views/showtrans.jsp
                        </result>
                </action>
                <action name="getway" class="WayDesignAction"/>
                <action name="image" class="TestImageAction"/>
                <action name="issingle" class="SingleWay"/>
                <action name="show" class="ShowAction">
                        <result name="success">
                                /WEB-INF/views/show.jsp
                        </result>
                </action>
                <action name="loadway" class="SingleWay" method="loadTrain"/>
                <action name="getcity" class="GetCity"/>
                <action name="buy" class="BuyAction">
                        <result name="success">
                                /WEB-INF/views/buy.jsp
                        </result>
                </action>
                <action name="getstationcode" class="GetStationCodeAction"/>
        </package>


</struts>